{
	"info": {
		"_postman_id": "a7bb604f-5942-4acb-88d2-807b91595bfa",
		"name": "BAMRI",
		"schema": "https://schema.getpostman.com/json/collection/v2.1.0/collection.json"
	},
	"item": [
		{
			"name": "Authentication",
			"item": [
				{
					"name": "200 Login",
					"request": {
						"method": "POST",
						"header": [
							{
								"key": "Content-Type",
								"name": "Content-Type",
								"value": "application/json",
								"type": "text"
							},
							{
								"key": "Accept",
								"value": "application/json",
								"type": "text"
							}
						],
						"body": {
							"mode": "raw",
							"raw": "{\n\t\"username\": \"admin\",\n\t\"password\": \"passadmin\"\n}"
						},
						"url": {
							"raw": "{{domain}}/v1/auth/login",
							"host": [
								"{{domain}}"
							],
							"path": [
								"v1",
								"auth",
								"login"
							]
						}
					},
					"response": []
				},
				{
					"name": "401 Login",
					"request": {
						"method": "POST",
						"header": [
							{
								"key": "Content-Type",
								"name": "Content-Type",
								"value": "application/json",
								"type": "text"
							},
							{
								"key": "Accept",
								"value": "application/json",
								"type": "text"
							}
						],
						"body": {
							"mode": "raw",
							"raw": "{\n\t\"username\": \"asd\",\n\t\"password\": \"asd\"\n}"
						},
						"url": {
							"raw": "{{domain}}/v1/auth/login",
							"host": [
								"{{domain}}"
							],
							"path": [
								"v1",
								"auth",
								"login"
							]
						}
					},
					"response": []
				},
				{
					"name": "200 Logout",
					"request": {
						"auth": {
							"type": "noauth"
						},
						"method": "GET",
						"header": [
							{
								"key": "Content-Type",
								"name": "Content-Type",
								"value": "application/json",
								"type": "text"
							},
							{
								"key": "Accept",
								"value": "application/json",
								"type": "text"
							},
							{
								"key": "Authorization",
								"value": "Bearer {{token}}",
								"type": "text"
							}
						],
						"body": {
							"mode": "raw",
							"raw": ""
						},
						"url": {
							"raw": "{{domain}}/v1/auth/logout",
							"host": [
								"{{domain}}"
							],
							"path": [
								"v1",
								"auth",
								"logout"
							]
						}
					},
					"response": []
				},
				{
					"name": "401 Logout",
					"request": {
						"auth": {
							"type": "noauth"
						},
						"method": "GET",
						"header": [
							{
								"key": "Content-Type",
								"name": "Content-Type",
								"type": "text",
								"value": "application/json"
							},
							{
								"key": "Accept",
								"type": "text",
								"value": "application/json"
							},
							{
								"key": "Authorization",
								"type": "text",
								"value": "Bearer asdasd"
							}
						],
						"body": {
							"mode": "raw",
							"raw": ""
						},
						"url": {
							"raw": "{{domain}}/v1/auth/logout",
							"host": [
								"{{domain}}"
							],
							"path": [
								"v1",
								"auth",
								"logout"
							]
						}
					},
					"response": []
				}
			]
		},
		{
			"name": "Bus",
			"item": [
				{
					"name": "200 Create Bus",
					"request": {
						"method": "POST",
						"header": [
							{
								"key": "Authorization",
								"value": "Bearer {{token}}",
								"type": "text"
							},
							{
								"key": "Content-Type",
								"name": "Content-Type",
								"value": "application/json",
								"type": "text"
							},
							{
								"key": "Accept",
								"value": "application/json",
								"type": "text"
							}
						],
						"body": {
							"mode": "raw",
							"raw": "{\n\t\"plate_number\": \"B1234AA\",\n\t\"brand\": \"mercedes\",\n\t\"seat\": \"20\",\n\t\"price_per_day\": \"150000\"\n}"
						},
						"url": {
							"raw": "{{domain}}/v1/buses",
							"host": [
								"{{domain}}"
							],
							"path": [
								"v1",
								"buses"
							]
						}
					},
					"response": []
				},
				{
					"name": "403 Create Bus",
					"request": {
						"method": "POST",
						"header": [
							{
								"key": "Authorization",
								"type": "text",
								"value": "Bearer asdasd"
							},
							{
								"key": "Content-Type",
								"name": "Content-Type",
								"type": "text",
								"value": "application/json"
							},
							{
								"key": "Accept",
								"type": "text",
								"value": "application/json"
							}
						],
						"body": {
							"mode": "raw",
							"raw": "{\n\t\"plate_number\": \"B1234AA\",\n\t\"brand\": \"mercedes\",\n\t\"seat\": \"20\",\n\t\"price_per_day\": \"150000\"\n}"
						},
						"url": {
							"raw": "{{domain}}/v1/buses",
							"host": [
								"{{domain}}"
							],
							"path": [
								"v1",
								"buses"
							]
						}
					},
					"response": []
				},
				{
					"name": "422 Create Bus",
					"request": {
						"method": "POST",
						"header": [
							{
								"key": "Authorization",
								"type": "text",
								"value": "Bearer {{token}}"
							},
							{
								"key": "Content-Type",
								"name": "Content-Type",
								"type": "text",
								"value": "application/json"
							},
							{
								"key": "Accept",
								"value": "application/json",
								"type": "text"
							}
						],
						"body": {
							"mode": "raw",
							"raw": "{\n\t\"plate_number\": \"\",\n\t\"brand\": \"volvo\",\n\t\"seat\": \"0\",\n\t\"price_per_day\": \"50000\"\n}"
						},
						"url": {
							"raw": "{{domain}}/v1/buses",
							"host": [
								"{{domain}}"
							],
							"path": [
								"v1",
								"buses"
							]
						}
					},
					"response": []
				},
				{
					"name": "200 Update Bus",
					"request": {
						"method": "PUT",
						"header": [
							{
								"key": "Authorization",
								"type": "text",
								"value": "Bearer {{token}}"
							},
							{
								"key": "Content-Type",
								"name": "Content-Type",
								"type": "text",
								"value": "application/json"
							},
							{
								"key": "Accept",
								"type": "text",
								"value": "application/json"
							}
						],
						"body": {
							"mode": "raw",
							"raw": "{\n\t\"plate_number\": \"B4321AA\",\n\t\"brand\": \"fuso\",\n\t\"seat\": \"25\",\n\t\"price_per_day\": \"147500\"\n}"
						},
						"url": {
							"raw": "{{domain}}/v1/buses/1",
							"host": [
								"{{domain}}"
							],
							"path": [
								"v1",
								"buses",
								"1"
							]
						}
					},
					"response": []
				},
				{
					"name": "403 Update Bus",
					"request": {
						"method": "PUT",
						"header": [
							{
								"key": "Authorization",
								"type": "text",
								"value": "Bearer asdasd"
							},
							{
								"key": "Content-Type",
								"name": "Content-Type",
								"type": "text",
								"value": "application/json"
							},
							{
								"key": "Accept",
								"type": "text",
								"value": "application/json"
							}
						],
						"body": {
							"mode": "raw",
							"raw": "{\n\t\"plate_number\": \"B4321AA\",\n\t\"brand\": \"fuso\",\n\t\"seat\": \"25\",\n\t\"price_per_day\": \"147500\"\n}"
						},
						"url": {
							"raw": "{{domain}}/v1/buses/1",
							"host": [
								"{{domain}}"
							],
							"path": [
								"v1",
								"buses",
								"1"
							]
						}
					},
					"response": []
				},
				{
					"name": "422 Update Bus",
					"request": {
						"method": "PUT",
						"header": [
							{
								"key": "Authorization",
								"type": "text",
								"value": "Bearer {{token}}"
							},
							{
								"key": "Content-Type",
								"name": "Content-Type",
								"type": "text",
								"value": "application/json"
							},
							{
								"key": "Accept",
								"type": "text",
								"value": "application/json"
							}
						],
						"body": {
							"mode": "raw",
							"raw": "{\n\t\"plate_number\": \"\",\n\t\"brand\": \"volvo\",\n\t\"seat\": \"0\",\n\t\"price_per_day\": \"47500\"\n}"
						},
						"url": {
							"raw": "{{domain}}/v1/buses/1",
							"host": [
								"{{domain}}"
							],
							"path": [
								"v1",
								"buses",
								"1"
							]
						}
					},
					"response": []
				},
				{
					"name": "200 Delete Bus",
					"request": {
						"method": "DELETE",
						"header": [
							{
								"key": "Authorization",
								"type": "text",
								"value": "Bearer {{token}}"
							},
							{
								"key": "Content-Type",
								"name": "Content-Type",
								"type": "text",
								"value": "application/json"
							},
							{
								"key": "Accept",
								"type": "text",
								"value": "application/json"
							}
						],
						"body": {
							"mode": "raw",
							"raw": ""
						},
						"url": {
							"raw": "{{domain}}/v1/buses/1",
							"host": [
								"{{domain}}"
							],
							"path": [
								"v1",
								"buses",
								"1"
							]
						}
					},
					"response": []
				},
				{
					"name": "403 Delete Bus",
					"request": {
						"method": "DELETE",
						"header": [
							{
								"key": "Authorization",
								"type": "text",
								"value": "Bearer asdasd"
							},
							{
								"key": "Content-Type",
								"name": "Content-Type",
								"type": "text",
								"value": "application/json"
							},
							{
								"key": "Accept",
								"type": "text",
								"value": "application/json"
							}
						],
						"body": {
							"mode": "raw",
							"raw": ""
						},
						"url": {
							"raw": "{{domain}}/v1/buses/1",
							"host": [
								"{{domain}}"
							],
							"path": [
								"v1",
								"buses",
								"1"
							]
						}
					},
					"response": []
				},
				{
					"name": "200 Get All Bus",
					"request": {
						"method": "GET",
						"header": [
							{
								"key": "Authorization",
								"type": "text",
								"value": "Bearer {{token}}"
							},
							{
								"key": "Content-Type",
								"name": "Content-Type",
								"type": "text",
								"value": "application/json"
							},
							{
								"key": "Accept",
								"type": "text",
								"value": "application/json"
							}
						],
						"body": {
							"mode": "raw",
							"raw": ""
						},
						"url": {
							"raw": "{{domain}}/v1/buses",
							"host": [
								"{{domain}}"
							],
							"path": [
								"v1",
								"buses"
							]
						}
					},
					"response": []
				},
				{
					"name": "403 Get All Bus",
					"request": {
						"method": "GET",
						"header": [
							{
								"key": "Authorization",
								"type": "text",
								"value": "Bearer asdasd"
							},
							{
								"key": "Content-Type",
								"name": "Content-Type",
								"type": "text",
								"value": "application/json"
							},
							{
								"key": "Accept",
								"type": "text",
								"value": "application/json"
							}
						],
						"body": {
							"mode": "raw",
							"raw": ""
						},
						"url": {
							"raw": "{{domain}}/v1/buses",
							"host": [
								"{{domain}}"
							],
							"path": [
								"v1",
								"buses"
							]
						}
					},
					"response": []
				}
			]
		},
		{
			"name": "Driver",
			"item": [
				{
					"name": "200 Create Driver",
					"request": {
						"method": "POST",
						"header": [
							{
								"key": "Authorization",
								"value": "Bearer {{token}}",
								"type": "text"
							},
							{
								"key": "Content-Type",
								"name": "Content-Type",
								"value": "application/json",
								"type": "text"
							},
							{
								"key": "Accept",
								"value": "application/json",
								"type": "text"
							}
						],
						"body": {
							"mode": "raw",
							"raw": "{\n\t\"name\": \"Budi\",\n\t\"age\": \"20\",\n\t\"id_number\": \"abcd1234defg2345\"\n}"
						},
						"url": {
							"raw": "{{domain}}/v1/drivers",
							"host": [
								"{{domain}}"
							],
							"path": [
								"v1",
								"drivers"
							]
						}
					},
					"response": []
				},
				{
					"name": "403 Create Driver",
					"request": {
						"method": "POST",
						"header": [
							{
								"key": "Authorization",
								"type": "text",
								"value": "Bearer asdasd"
							},
							{
								"key": "Content-Type",
								"name": "Content-Type",
								"type": "text",
								"value": "application/json"
							},
							{
								"key": "Accept",
								"type": "text",
								"value": "application/json"
							}
						],
						"body": {
							"mode": "raw",
							"raw": "{\n\t\"name\": \"Budi\",\n\t\"age\": \"20\",\n\t\"id_number\": \"abcd1234defg2345\"\n}"
						},
						"url": {
							"raw": "{{domain}}/v1/drivers",
							"host": [
								"{{domain}}"
							],
							"path": [
								"v1",
								"drivers"
							]
						}
					},
					"response": []
				},
				{
					"name": "422 Create Driver",
					"request": {
						"method": "POST",
						"header": [
							{
								"key": "Authorization",
								"type": "text",
								"value": "Bearer {{token}}"
							},
							{
								"key": "Content-Type",
								"name": "Content-Type",
								"type": "text",
								"value": "application/json"
							},
							{
								"key": "Accept",
								"value": "application/json",
								"type": "text"
							}
						],
						"body": {
							"mode": "raw",
							"raw": "{\n\t\"name\": \"\",\n\t\"age\": \"15\",\n\t\"id_number\": \"abcd\"\n}"
						},
						"url": {
							"raw": "{{domain}}/v1/drivers",
							"host": [
								"{{domain}}"
							],
							"path": [
								"v1",
								"drivers"
							]
						}
					},
					"response": []
				},
				{
					"name": "200 Update Driver",
					"request": {
						"method": "PUT",
						"header": [
							{
								"key": "Authorization",
								"type": "text",
								"value": "Bearer {{token}}"
							},
							{
								"key": "Content-Type",
								"name": "Content-Type",
								"type": "text",
								"value": "application/json"
							},
							{
								"key": "Accept",
								"type": "text",
								"value": "application/json"
							}
						],
						"body": {
							"mode": "raw",
							"raw": "{\n\t\"name\": \"Joni\",\n\t\"age\": \"22\",\n\t\"id_number\": \"aaaa1111bbbb2222\"\n}"
						},
						"url": {
							"raw": "{{domain}}/v1/drivers/1",
							"host": [
								"{{domain}}"
							],
							"path": [
								"v1",
								"drivers",
								"1"
							]
						}
					},
					"response": []
				},
				{
					"name": "403 Update Driver",
					"request": {
						"method": "PUT",
						"header": [
							{
								"key": "Authorization",
								"type": "text",
								"value": "Bearer asdasd"
							},
							{
								"key": "Content-Type",
								"name": "Content-Type",
								"type": "text",
								"value": "application/json"
							},
							{
								"key": "Accept",
								"type": "text",
								"value": "application/json"
							}
						],
						"body": {
							"mode": "raw",
							"raw": "{\n\t\"name\": \"Joni\",\n\t\"age\": \"22\",\n\t\"id_number\": \"aaaa1111bbbb2222\"\n}"
						},
						"url": {
							"raw": "{{domain}}/v1/drivers/1",
							"host": [
								"{{domain}}"
							],
							"path": [
								"v1",
								"drivers",
								"1"
							]
						}
					},
					"response": []
				},
				{
					"name": "422 Update Driver",
					"request": {
						"method": "PUT",
						"header": [
							{
								"key": "Authorization",
								"type": "text",
								"value": "Bearer {{token}}"
							},
							{
								"key": "Content-Type",
								"name": "Content-Type",
								"type": "text",
								"value": "application/json"
							},
							{
								"key": "Accept",
								"type": "text",
								"value": "application/json"
							}
						],
						"body": {
							"mode": "raw",
							"raw": "{\n\t\"name\": \"\",\n\t\"age\": \"15\",\n\t\"id_number\": \"abcd\"\n}"
						},
						"url": {
							"raw": "{{domain}}/v1/drivers/1",
							"host": [
								"{{domain}}"
							],
							"path": [
								"v1",
								"drivers",
								"1"
							]
						}
					},
					"response": []
				},
				{
					"name": "200 Delete Driver",
					"request": {
						"method": "DELETE",
						"header": [
							{
								"key": "Authorization",
								"type": "text",
								"value": "Bearer {{token}}"
							},
							{
								"key": "Content-Type",
								"name": "Content-Type",
								"type": "text",
								"value": "application/json"
							},
							{
								"key": "Accept",
								"type": "text",
								"value": "application/json"
							}
						],
						"body": {
							"mode": "raw",
							"raw": ""
						},
						"url": {
							"raw": "{{domain}}/v1/drivers/1",
							"host": [
								"{{domain}}"
							],
							"path": [
								"v1",
								"drivers",
								"1"
							]
						}
					},
					"response": []
				},
				{
					"name": "403 Delete Driver",
					"request": {
						"method": "DELETE",
						"header": [
							{
								"key": "Authorization",
								"type": "text",
								"value": "Bearer asdasd"
							},
							{
								"key": "Content-Type",
								"name": "Content-Type",
								"type": "text",
								"value": "application/json"
							},
							{
								"key": "Accept",
								"type": "text",
								"value": "application/json"
							}
						],
						"body": {
							"mode": "raw",
							"raw": ""
						},
						"url": {
							"raw": "{{domain}}/v1/drivers/1",
							"host": [
								"{{domain}}"
							],
							"path": [
								"v1",
								"drivers",
								"1"
							]
						}
					},
					"response": []
				},
				{
					"name": "200 Get All Driver",
					"request": {
						"method": "GET",
						"header": [
							{
								"key": "Authorization",
								"type": "text",
								"value": "Bearer {{token}}"
							},
							{
								"key": "Content-Type",
								"name": "Content-Type",
								"type": "text",
								"value": "application/json"
							},
							{
								"key": "Accept",
								"type": "text",
								"value": "application/json"
							}
						],
						"body": {
							"mode": "raw",
							"raw": ""
						},
						"url": {
							"raw": "{{domain}}/v1/drivers",
							"host": [
								"{{domain}}"
							],
							"path": [
								"v1",
								"drivers"
							]
						}
					},
					"response": []
				},
				{
					"name": "403 Get All Driver",
					"request": {
						"method": "GET",
						"header": [
							{
								"key": "Authorization",
								"type": "text",
								"value": "Bearer asdasd"
							},
							{
								"key": "Content-Type",
								"name": "Content-Type",
								"type": "text",
								"value": "application/json"
							},
							{
								"key": "Accept",
								"type": "text",
								"value": "application/json"
							}
						],
						"body": {
							"mode": "raw",
							"raw": ""
						},
						"url": {
							"raw": "{{domain}}/v1/drivers",
							"host": [
								"{{domain}}"
							],
							"path": [
								"v1",
								"drivers"
							]
						}
					},
					"response": []
				}
			]
		},
		{
			"name": "Order",
			"item": [
				{
					"name": "200 Create Order",
					"request": {
						"method": "POST",
						"header": [
							{
								"key": "Authorization",
								"value": "Bearer {{token}}",
								"type": "text"
							},
							{
								"key": "Content-Type",
								"name": "Content-Type",
								"value": "application/json",
								"type": "text"
							},
							{
								"key": "Accept",
								"value": "application/json",
								"type": "text"
							}
						],
						"body": {
							"mode": "raw",
							"raw": "{\n\t\"contact_name\": \"Hendri\",\n\t\"contact_phone\": \"6281234342323\",\n\t\"start_rent_date\": \"2019-03-01 12:00:00\",\n\t\"total_rent_date\": 4\n}"
						},
						"url": {
							"raw": "{{domain}}/v1/orders",
							"host": [
								"{{domain}}"
							],
							"path": [
								"v1",
								"orders"
							]
						}
					},
					"response": []
				},
				{
					"name": "401 Create Order",
					"request": {
						"method": "POST",
						"header": [
							{
								"key": "Authorization",
								"value": "Bearer {{token}}",
								"type": "text"
							},
							{
								"key": "Content-Type",
								"name": "Content-Type",
								"value": "application/json",
								"type": "text"
							},
							{
								"key": "Accept",
								"value": "application/json",
								"type": "text"
							}
						],
						"body": {
							"mode": "raw",
							"raw": "{\n\t\"contact_name\": \"Hendri\",\n\t\"contact_phone\": \"6281234342323\",\n\t\"start_rent_date\": \"2019-03-01 12:00:00\",\n\t\"total_rent_date\": 4\n}"
						},
						"url": {
							"raw": "{{domain}}/v1/orders",
							"host": [
								"{{domain}}"
							],
							"path": [
								"v1",
								"orders"
							]
						}
					},
					"response": []
				},
				{
					"name": "403 Create Order",
					"request": {
						"method": "POST",
						"header": [
							{
								"key": "Authorization",
								"type": "text",
								"value": "Bearer asdasd"
							},
							{
								"key": "Content-Type",
								"name": "Content-Type",
								"type": "text",
								"value": "application/json"
							},
							{
								"key": "Accept",
								"type": "text",
								"value": "application/json"
							}
						],
						"body": {
							"mode": "raw",
							"raw": "{\n\t\"contact_name\": \"Hendri\",\n\t\"contact_phone\": \"6281234342323\",\n\t\"start_rent_date\": \"2019-03-01 12:00:00\",\n\t\"total_rent_date\": 4\n}"
						},
						"url": {
							"raw": "{{domain}}/v1/orders",
							"host": [
								"{{domain}}"
							],
							"path": [
								"v1",
								"orders"
							]
						}
					},
					"response": []
				},
				{
					"name": "422 Create Order",
					"request": {
						"method": "POST",
						"header": [
							{
								"key": "Authorization",
								"type": "text",
								"value": "Bearer {{token}}"
							},
							{
								"key": "Content-Type",
								"name": "Content-Type",
								"type": "text",
								"value": "application/json"
							},
							{
								"key": "Accept",
								"type": "text",
								"value": "application/json"
							}
						],
						"body": {
							"mode": "raw",
							"raw": "{\n\t\"contact_name\": \"\",\n\t\"contact_phone\": \"6281234342abc\",\n\t\"start_rent_date\": \"2018-03-01 12:00:00\",\n\t\"total_rent_date\": 0\n}"
						},
						"url": {
							"raw": "{{domain}}/v1/orders",
							"host": [
								"{{domain}}"
							],
							"path": [
								"v1",
								"orders"
							]
						}
					},
					"response": []
				},
				{
					"name": "200 Delete Order",
					"request": {
						"method": "DELETE",
						"header": [
							{
								"key": "Authorization",
								"value": "Bearer {{token}}",
								"type": "text"
							},
							{
								"key": "Content-Type",
								"name": "Content-Type",
								"value": "application/json",
								"type": "text"
							},
							{
								"key": "Accept",
								"value": "application/json",
								"type": "text"
							}
						],
						"body": {
							"mode": "raw",
							"raw": ""
						},
						"url": {
							"raw": "{{domain}}/v1/orders/1",
							"host": [
								"{{domain}}"
							],
							"path": [
								"v1",
								"orders",
								"1"
							]
						}
					},
					"response": []
				},
				{
					"name": "403 Delete Order",
					"request": {
						"method": "DELETE",
						"header": [
							{
								"key": "Authorization",
								"value": "Bearer asdasd",
								"type": "text"
							},
							{
								"key": "Content-Type",
								"name": "Content-Type",
								"value": "application/json",
								"type": "text"
							},
							{
								"key": "Accept",
								"value": "application/json",
								"type": "text"
							}
						],
						"body": {
							"mode": "raw",
							"raw": ""
						},
						"url": {
							"raw": "{{domain}}/v1/orders/1",
							"host": [
								"{{domain}}"
							],
							"path": [
								"v1",
								"orders",
								"1"
							]
						}
					},
					"response": []
				},
				{
					"name": "200 Get All Order",
					"request": {
						"method": "GET",
						"header": [
							{
								"key": "Authorization",
								"type": "text",
								"value": "Bearer {{token}}"
							},
							{
								"key": "Content-Type",
								"name": "Content-Type",
								"type": "text",
								"value": "application/json"
							},
							{
								"key": "Accept",
								"type": "text",
								"value": "application/json"
							}
						],
						"body": {
							"mode": "raw",
							"raw": ""
						},
						"url": {
							"raw": "{{domain}}/v1/orders",
							"host": [
								"{{domain}}"
							],
							"path": [
								"v1",
								"orders"
							]
						}
					},
					"response": []
				},
				{
					"name": "403 Get All Order",
					"request": {
						"method": "GET",
						"header": [
							{
								"key": "Authorization",
								"type": "text",
								"value": "Bearer asdasd"
							},
							{
								"key": "Content-Type",
								"name": "Content-Type",
								"type": "text",
								"value": "application/json"
							},
							{
								"key": "Accept",
								"type": "text",
								"value": "application/json"
							}
						],
						"body": {
							"mode": "raw",
							"raw": ""
						},
						"url": {
							"raw": "{{domain}}/v1/orders",
							"host": [
								"{{domain}}"
							],
							"path": [
								"v1",
								"orders"
							]
						}
					},
					"response": []
				}
			]
		}
	]
}